voice_id,name,gender,description
Ngọc Huyền (mới),Ngọc Huyền (review phim),female,Giọng review phim của Ngọc Huyền - nữ, phong cách sinh động
Mỹ Tâm,Mỹ Tâm,female,Giọng ca sĩ Mỹ Tâm - nữ
Mỹ Tâm Real,Mỹ Tâm (Real),female,Giọng ca sĩ Mỹ Tâm bản chân thực - nữ
Ban Mai,Ban Mai,female,Giọng nữ trong trẻo, tự nhiên
Mai Phương,Mai Phương,female,Giọng nữ nhẹ nhàng, truyền cảm
Phương Trang,Phương Trang,female,Giọng nữ ấm áp, rõ ràng
Thanh Phương Viettel,Thanh Phương Viettel,female,Giọng nữ chuẩn đọc sách, tổng đài
Trấn Thành,Trấn Thành,male,Giọng MC Trấn Thành - nam
Việt Thảo,Việt Thảo,male,Giọng MC nghệ sĩ Việt Thảo - nam
Ngọc Ngạn,Ngọc Ngạn,male,Giọng MC Nguyễn Ngọc Ngạn - nam
Duy Onyx (mới),Duy Onyx (mới),male,Giọng nam trầm ấm, rõ ràng
Duy Oryx,Duy Oryx,male,Giọng nam siêu trầm đặc biệt
Chiếu Thành,Chiếu Thành,male,Giọng nam phong cách đọc truyện
Minh Khang,Minh Khang,male,Giọng nam thanh niên hiện đại
Minh Quang,Minh Quang,male,Giọng nam truyền cảm, ấm áp
Mạnh Dũng,Mạnh Dũng,male,Giọng nam dõng dạc, mạnh mẽ
Thiện Tâm,Thiện Tâm,male,Giọng nam điềm đạm, tin cậy
Tài An,Tài An,male,Giọng nam trẻ trung, tự nhiên
Lạc Phi,Lạc Phi,male,Giọng nam đọc truyện, diễn cảm
adam,Adam,male,Giọng nam chuẩn quốc tế
